country,variety,count,avg score,avg price
Argentina,Barbera,1,85.0,18.0
Argentina,Merlot-Cabernet Franc,1,87.0,27.0
Argentina,Moscatel,1,81.0,11.0
Argentina,Moscato,10,82.2,9.8
Argentina,Nebbiolo,3,88.66666666666667,63.666666666666664
Argentina,Petit Verdot,8,88.125,39.625
Argentina,Pinot Grigio,26,83.76923076923077,10.961538461538462
Argentina,Pinot Gris,8,84.75,12.571428571428571
Argentina,Pinot Noir,99,85.57575757575758,23.15463917525773
Argentina,Red Blend,216,88.38888888888889,34.02392344497608
Argentina,Riesling,1,86.0,15.0
Argentina,Rosado,3,86.66666666666667,12.0
Argentina,Rosé,36,84.02777777777777,13.571428571428571
Argentina,Sangiovese,2,81.5,18.0
Argentina,Sauvignon Blanc,72,84.20833333333333,14.472222222222221
Argentina,Merlot,57,85.0,17.928571428571427
Argentina,Shiraz-Malbec,1,90.0,16.0
Argentina,Syrah,51,85.70588235294117,17.68
Argentina,Syrah-Bonarda,1,87.0,13.0
Argentina,Syrah-Malbec,1,89.0,14.0
Argentina,Syrah-Viognier,2,91.5,62.5
Argentina,Sémillon,12,83.58333333333333,17.916666666666668
Argentina,Tannat,4,86.5,22.0
Argentina,Tempranillo,19,83.63157894736842,13.157894736842104
Argentina,Tempranillo-Malbec,1,91.0,
Argentina,Tocai,1,85.0,14.0
Argentina,Torrontés,230,85.41739130434783,13.506607929515418
Argentina,Trebbiano,1,83.0,9.0
Argentina,Trousseau,1,88.0,60.0
Argentina,Viognier,20,84.35,13.4
Argentina,White Blend,31,84.80645161290323,20.433333333333334
Argentina,Sparkling Blend,27,84.44444444444444,17.0
Argentina,Malbec-Tempranillo,2,86.5,11.0
Argentina,Shiraz,8,84.375,8.625
Argentina,Malbec-Syrah,14,85.57142857142857,14.785714285714286
Argentina,Bordeaux-style Red Blend,82,89.8780487804878,42.08860759493671
Argentina,Bordeaux-style White Blend,1,83.0,14.0
Argentina,Cabernet Blend,8,88.25,36.25
Argentina,Cabernet Franc,56,89.35714285714286,44.285714285714285
Argentina,Cabernet Franc-Cabernet Sauvignon,3,88.66666666666667,40.666666666666664
Argentina,Cabernet Franc-Malbec,3,91.0,65.33333333333333
Argentina,Cabernet Sauvignon,509,86.01571709233792,19.695049504950497
Argentina,Cabernet Sauvignon-Cabernet Franc,1,84.0,18.0
Argentina,Cabernet Sauvignon-Malbec,11,87.36363636363636,47.81818181818182
Argentina,Cabernet Sauvignon-Merlot,5,87.0,19.0
Argentina,Cabernet Sauvignon-Shiraz,3,85.33333333333333,10.0
Argentina,Cabernet Sauvignon-Syrah,2,86.0,15.0
Argentina,Cabernet-Malbec,1,86.0,11.0
Argentina,Cabernet-Syrah,1,88.0,16.0
Argentina,Champagne Blend,8,85.125,22.571428571428573
Argentina,Malbec-Tannat,3,84.66666666666667,36.666666666666664
Argentina,Chardonnay,279,84.89247311827957,17.373626373626372
Argentina,Malbec-Petit Verdot,2,91.0,39.5
Argentina,Malbec-Merlot,7,86.28571428571429,21.0
Argentina,Malbec-Cabernet Sauvignon,52,88.36538461538461,42.88461538461539
Argentina,Malbec-Cabernet Franc,10,88.7,38.8
Argentina,Malbec-Cabernet,3,91.66666666666667,113.33333333333333
Argentina,Malbec-Bonarda,5,86.4,17.8
Argentina,Bonarda,98,86.38775510204081,16.43877551020408
Argentina,Malbec Blend,2,90.5,66.5
Argentina,Gewürztraminer,1,84.0,25.0
Argentina,Chenin Blanc-Chardonnay,4,85.75,11.0
Argentina,Chenin Blanc,2,84.0,15.5
Argentina,Chardonnay-Viognier,6,85.16666666666667,16.666666666666668
Argentina,Chardonnay-Semillon,1,81.0,13.0
Argentina,Chardonnay-Sauvignon,2,84.5,12.5
Argentina,Malbec,1402,87.46219686162625,28.239396117900792
Armenia,Rosé,1,88.0,15.0
Armenia,Kangoun,1,87.0,14.0
Australia,Zinfandel,3,88.33333333333333,29.333333333333332
Australia,Red Blend,58,87.86206896551724,31.275862068965516
Australia,Rhône-style Red Blend,11,88.45454545454545,26.272727272727273
Australia,Rhône-style White Blend,5,87.8,22.0
Australia,Riesling,142,88.95774647887323,22.237410071942445
Australia,Rosé,25,87.2,18.791666666666668
Australia,Sangiovese,6,87.83333333333333,15.8
Australia,Sauvignon,1,88.0,30.0
Australia,Sauvignon Blanc,50,86.9,17.282608695652176
Australia,Sauvignon Blanc-Semillon,22,87.68181818181819,21.727272727272727
Australia,Savagnin,2,87.5,15.0
Australia,Semillon-Chardonnay,1,85.0,8.0
Australia,Semillon-Sauvignon Blanc,11,85.63636363636364,20.363636363636363
Australia,Shiraz,586,89.63481228668942,47.5368782161235
Australia,Shiraz-Cabernet,2,86.5,47.0
Australia,Port,1,88.0,13.0
Australia,Shiraz-Cabernet Sauvignon,29,87.41379310344827,20.857142857142858
Australia,Shiraz-Malbec,2,90.0,20.0
Australia,Shiraz-Mourvèdre,2,89.0,18.5
Australia,Shiraz-Roussanne,1,90.0,29.0
Australia,Shiraz-Viognier,38,89.57894736842105,53.18421052631579
Australia,Sparkling Blend,32,86.96875,20.84375
Australia,Syrah,16,91.625,105.5
Australia,Sémillon,19,89.36842105263158,30.263157894736842
Australia,Tempranillo,3,89.66666666666667,22.0
Australia,Tokay,6,90.66666666666667,52.0
Australia,Verdelho,5,87.0,15.4
Australia,Vermentino,3,86.33333333333333,15.666666666666666
Australia,Viognier,32,88.21875,23.322580645161292
Australia,Viognier-Marsanne,1,89.0,17.0
Australia,White Blend,18,86.83333333333333,18.5625
Australia,Shiraz-Grenache,14,89.57142857142857,28.857142857142858
Australia,Pinot Noir,119,87.29411764705883,32.4
Australia,Roussanne,6,88.5,45.333333333333336
Australia,Pinot Grigio,25,86.08,13.875
Australia,Durif,2,86.0,32.5
Australia,Chenin Blanc,1,87.0,16.0
Australia,Chardonnay-Semillon,2,90.0,18.5
Australia,Chardonnay,378,87.24603174603175,25.1951871657754
Australia,Champagne Blend,8,86.125,23.5
Australia,Cabernet-Shiraz,1,96.0,150.0
Australia,G-S-M,23,89.21739130434783,28.727272727272727
Australia,Cabernet Sauvignon-Shiraz,10,89.9,45.5
Australia,Cabernet Sauvignon-Merlot-Shiraz,1,91.0,20.0
Australia,Cabernet Sauvignon-Merlot,10,88.6,33.9
Australia,Cabernet Sauvignon,255,89.26666666666667,35.794466403162055
Australia,Cabernet Blend,3,88.66666666666667,37.333333333333336
Australia,Bordeaux-style Red Blend,28,89.14285714285714,65.35714285714286
Australia,Pinot Gris,13,87.23076923076923,18.615384615384617
Australia,Cabernet Sauvignon-Sangiovese,1,88.0,30.0
Australia,Grenache,72,89.48611111111111,45.375
Australia,Cabernet Merlot,5,86.8,23.4
Australia,Malbec,5,86.8,65.6
Australia,Grenache-Shiraz,3,87.33333333333333,22.333333333333332
Australia,Petit Verdot,1,88.0,20.0
Australia,Petite Sirah,5,87.4,23.2
Australia,Muscat,13,92.07692307692308,90.07692307692308
Australia,Muscadelle,6,94.0,160.33333333333334
Australia,Mourvèdre-Syrah,1,92.0,18.0
Australia,Muscat Hamburg,1,90.0,22.0
Australia,Moscato,12,85.25,11.916666666666666
Australia,Montepulciano,1,91.0,25.0
Australia,Merlot,19,85.73684210526316,20.68421052631579
Australia,Mataro,6,90.5,62.166666666666664
Australia,Marsanne-Roussanne,2,88.0,42.5
Australia,Marsanne,5,89.4,25.4
Australia,Mourvèdre,7,91.0,50.285714285714285
Austria,Rotgipfler,21,89.71428571428571,26.6875
Austria,Roter Veltliner,11,90.0909090909091,35.0
Austria,Roter Traminer,5,89.8,30.333333333333332
Austria,Rosé,53,88.0,15.26
Austria,Red Blend,81,89.92592592592592,35.0
Austria,Riesling,550,91.44363636363636,38.06396588486141
Austria,Pinot Noir,93,90.17204301075269,37.42307692307692
Austria,Pinot Gris,13,90.0,25.0
Austria,Sauvignon,2,89.0,26.0
Austria,Pinot Blanc-Chardonnay,1,90.0,23.0
Austria,Rosenmuskateller,2,92.5,150.0
Austria,Sauvignon Blanc,119,89.54621848739495,29.930232558139537
Austria,Sämling,5,91.2,35.5
Austria,Scheurebe,15,91.8,58.69230769230769
Austria,Shiraz,1,91.0,45.0
Austria,Sparkling Blend,47,89.14893617021276,29.695652173913043
Austria,St. Laurent,77,89.83116883116882,32.07936507936508
Austria,Syrah,1,89.0,13.0
Austria,Traminer,17,89.3529411764706,32.785714285714285
Austria,Weissburgunder,31,89.58064516129032,25.217391304347824
Austria,Welschriesling,21,89.47619047619048,30.25
Austria,White Blend,64,90.0,32.26923076923077
Austria,Zierfandler,14,90.42857142857143,32.36363636363637
Austria,Zierfandler-Rotgipfler,5,90.4,23.75
Austria,Pinot Blanc,28,89.32142857142857,25.7
Austria,Zweigelt,174,88.20114942528735,21.226666666666667
Austria,Sauvignon Blanc-Chardonnay,3,91.0,34.5
Austria,Orangetraube,1,90.0,22.0
Austria,Muskat Ottonel,10,87.6,12.375
Austria,Neuburger,8,90.625,24.4
Austria,Nielluciu,1,89.0,24.0
Austria,Austrian Red Blend,59,89.55932203389831,35.64705882352941
Austria,Austrian white blend,71,90.33802816901408,33.301886792452834
Austria,Blaufränkisch,198,90.26262626262626,33.19428571428571
Austria,Bordeaux-style Red Blend,2,90.5,36.5
Austria,Cabernet Franc,1,92.0,47.0
Austria,Cabernet Franc-Merlot,1,92.0,60.0
Austria,Cabernet Merlot,1,87.0,
Austria,Cabernet Sauvignon,5,87.4,31.2
Austria,Champagne Blend,1,88.0,23.0
Austria,Chardonnay,55,90.25454545454545,35.06521739130435
Austria,Chardonnay Weissburgunder,1,94.0,58.0
Austria,Blauburgunder,1,93.0,19.0
Austria,Furmint,2,91.5,14.5
Austria,Chardonnay-Pinot Blanc,2,90.5,47.5
Austria,Muskateller,1,86.0,23.0
Austria,Muskat,2,89.0,13.0
Austria,Morillon,6,89.5,31.0
Austria,Merlot,3,91.0,35.0
Austria,Moscato,2,87.0,18.5
Austria,Gros Manseng,1,89.0,25.0
Austria,Grauburgunder,6,89.33333333333333,31.5
Austria,Gewürztraminer,3,89.33333333333333,21.0
Austria,Gelber Traminer,1,95.0,35.0
Austria,Gelber Muskateller,32,88.6875,26.57894736842105
Austria,Grüner Veltliner,1103,90.12873980054397,29.091991341991342
Bosnia and Herzegovina,Blatina,1,88.0,12.0
Bosnia and Herzegovina,Vranec,1,85.0,13.0
Brazil,Tannat,5,83.2,14.25
Brazil,Moscatel,2,87.0,22.5
Brazil,Sparkling Blend,8,85.5,29.0
Brazil,Red Blend,3,85.33333333333333,35.666666666666664
Brazil,Pinot Noir,2,86.0,25.0
Brazil,Moscato,3,83.66666666666667,15.0
Brazil,Merlot-Cabernet Sauvignon,2,85.5,39.0
Brazil,Cabernet Franc,1,84.0,
Brazil,Chardonnay,5,83.8,25.0
Brazil,Champagne Blend,5,86.2,25.8
Brazil,Cabernet Sauvignon-Merlot,1,83.0,20.0
Brazil,Cabernet Sauvignon,4,83.0,26.5
Brazil,Bordeaux-style Red Blend,2,84.0,22.5
Brazil,Merlot,6,84.33333333333333,20.333333333333332
Bulgaria,Rosé,4,86.0,10.75
Bulgaria,Red Blend,20,89.15,22.8
Bulgaria,Riesling,3,85.33333333333333,13.333333333333334
Bulgaria,Sauvignon Blanc,11,86.0,10.090909090909092
Bulgaria,Pinot Noir,12,88.33333333333333,13.916666666666666
Bulgaria,Tamianka,1,89.0,20.0
Bulgaria,Traminer,4,86.0,10.5
Bulgaria,Viognier,3,89.0,14.666666666666666
Bulgaria,White Blend,4,88.25,15.75
Bulgaria,Syrah,3,89.0,23.666666666666668
Bulgaria,Pinot Grigio,1,88.0,9.0
Bulgaria,Muskat Ottonel,4,84.0,11.0
Bulgaria,Muscat,1,87.0,10.0
Bulgaria,Bordeaux-style Red Blend,2,91.0,27.5
Bulgaria,Cabernet Franc,2,88.0,19.0
Bulgaria,Cabernet Sauvignon-Syrah,1,90.0,14.0
Bulgaria,Chardonnay,16,88.5,13.8125
Bulgaria,Cabernet Sauvignon,17,87.88235294117646,11.411764705882353
Bulgaria,Malbec,1,89.0,40.0
Bulgaria,Mavrud,7,87.85714285714286,14.142857142857142
Bulgaria,Merlot,13,87.6923076923077,11.461538461538462
Bulgaria,Merlot-Syrah,1,89.0,18.0
Bulgaria,Gamza,1,89.0,11.0
Canada,Red Blend,5,90.6,29.2
Canada,Moscato,1,92.0,20.0
Canada,Muscat,1,91.0,18.0
Canada,Pinot Gris,3,90.33333333333333,19.0
Canada,Pinot Noir,21,88.52380952380952,32.80952380952381
Canada,Rhône-style White Blend,2,91.5,27.5
Canada,Viognier,2,87.5,24.0
Canada,Rosé,3,87.0,20.0
Canada,Syrah,10,91.2,49.1
Canada,Vidal,7,90.57142857142857,47.142857142857146
Canada,Vidal Blanc,14,89.07142857142857,59.42857142857143
Canada,Merlot,10,88.8,29.8
Canada,White Blend,5,87.8,20.4
Canada,Riesling,48,89.39583333333333,35.02173913043478
Canada,Meritage,5,90.2,44.0
Canada,Sauvignon Blanc,9,88.22222222222223,21.555555555555557
Canada,Gewürztraminer-Riesling,1,83.0,12.0
Canada,Malbec,1,92.0,32.0
Canada,Bordeaux-style Red Blend,13,90.61538461538461,48.76923076923077
Canada,Cabernet,1,88.0,40.0
Canada,Cabernet Franc,19,89.26315789473684,42.89473684210526
Canada,Cabernet Merlot,1,89.0,50.0
Canada,Cabernet Sauvignon,6,89.66666666666667,48.833333333333336
Canada,Apple,1,89.0,33.0
Canada,Carmenère,1,90.0,50.0
Canada,Chardonnay,22,88.9090909090909,26.40909090909091
Canada,Chasselas,1,90.0,20.0
Canada,Chenin Blanc,1,90.0,19.0
Canada,Gamay Noir,1,88.0,24.0
Canada,Gewürztraminer,10,88.8,20.0
Canada,Cabernet Sauvignon-Syrah,1,88.0,40.0
Chile,Sauvignon Blanc,642,85.96573208722741,14.093059936908517
Chile,Rosé,41,84.09756097560975,12.875
Chile,Riesling,21,86.0,16.63157894736842
Chile,Rhône-style White Blend,1,87.0,15.0
Chile,Rhône-style Red Blend,1,90.0,23.0
Chile,Pinot Noir,339,85.85250737463127,19.152694610778443
Chile,Pinot Noir-Syrah,1,83.0,12.0
Chile,Pinot Grigio,5,83.0,11.8
Chile,Petite Sirah,3,88.0,36.666666666666664
Chile,Petit Verdot,6,88.83333333333333,52.166666666666664
Chile,Sauvignon Blanc-Semillon,1,88.0,12.0
Chile,Pedro Ximénez,6,84.33333333333333,11.0
Chile,Red Blend,383,88.96083550913838,40.164021164021165
Chile,Sauvignon Gris,10,84.6,18.77777777777778
Chile,Syrah-Carignan,1,92.0,35.0
Chile,Shiraz-Cabernet Sauvignon,1,83.0,9.0
Chile,Sparkling Blend,12,84.25,22.272727272727273
Chile,Syrah,251,87.99601593625498,28.60483870967742
Chile,Syrah-Cabernet,6,87.33333333333333,17.333333333333332
Chile,Syrah-Cabernet Franc,1,91.0,60.0
Chile,Syrah-Cabernet Sauvignon,5,87.4,24.4
Chile,Syrah-Merlot,1,89.0,20.0
Chile,Sémillon,2,87.0,16.0
Chile,Tempranillo,2,85.5,18.0
Chile,Torontel,1,92.0,40.0
Chile,Viognier,23,84.73913043478261,13.130434782608695
Chile,Viognier-Chardonnay,5,84.0,14.6
Chile,White Blend,26,84.26923076923077,16.115384615384617
Chile,País,1,83.0,18.0
Chile,Shiraz,20,86.15,18.36842105263158
Chile,Muscatel,1,88.0,15.0
Chile,Chardonnay,486,85.09465020576131,15.266666666666667
Chile,Muscat,4,85.25,21.666666666666668
Chile,Bordeaux-style Red Blend,37,90.13513513513513,51.513513513513516
Chile,Cabernet Blend,26,88.96153846153847,51.0
Chile,Cabernet Franc,36,87.22222222222223,24.37142857142857
Chile,Cabernet Franc-Carmenère,2,86.0,12.0
Chile,Cabernet Sauvignon,717,86.6276150627615,20.197183098591548
Chile,Cabernet Sauvignon-Cabernet Franc,5,89.6,28.0
Chile,Cabernet Sauvignon-Carmenère,40,87.2,22.789473684210527
Chile,Cabernet Sauvignon-Malbec,3,85.66666666666667,16.333333333333332
Chile,Cabernet Sauvignon-Merlot,20,85.9,18.4
Chile,Muscat d'Alexandrie,1,84.0,15.0
Chile,Carignan,43,87.90697674418605,24.0
Chile,Carmenère,490,86.4530612244898,19.979296066252587
Chile,Carmenère-Cabernet Sauvignon,7,88.42857142857143,29.666666666666668
Chile,Carmenère-Syrah,6,86.66666666666667,20.666666666666668
Chile,Cabernet Sauvignon-Syrah,22,86.63636363636364,18.681818181818183
Chile,Moscato,4,80.75,7.0
Chile,Mourvèdre,1,92.0,30.0
Chile,Champagne Blend,3,83.0,15.0
Chile,Moscatel,1,88.0,13.0
Chile,Merlot-Cabernet,1,86.0,15.0
Chile,Malbec-Syrah,1,84.0,13.0
Chile,Malbec-Carménère,1,91.0,43.0
Chile,Merlot,245,85.22448979591837,12.876543209876543
Chile,Malbec,131,86.54961832061069,19.19083969465649
Chile,Gewürztraminer-Riesling,1,88.0,11.0
Chile,Gewürztraminer,20,84.85,14.5
Chile,Cinsault,4,88.5,26.75
Chile,Chardonnay-Viognier,5,83.8,12.2
Chile,Malbec-Cabernet Sauvignon,1,86.0,15.0
China,Cabernet Blend,1,89.0,18.0
Croatia,Sauvignon Blanc,1,82.0,
Croatia,Red Blend,6,87.66666666666667,23.833333333333332
Croatia,Rosé,2,85.0,21.0
Croatia,Teran,5,87.6,27.8
Croatia,Posip,7,87.71428571428571,24.714285714285715
Croatia,Welschriesling,2,84.5,14.0
Croatia,White Blend,4,85.75,31.0
Croatia,Zlahtina,2,86.0,14.5
Croatia,Zweigelt,1,90.0,25.0
Croatia,Traminer,1,87.0,13.0
Croatia,Plavac Mali,16,87.5625,34.4375
Croatia,Graševina,1,89.0,20.0
Croatia,Pinot Gris,1,83.0,
Croatia,Babić,4,88.5,35.0
Croatia,Bordeaux-style Red Blend,1,88.0,13.0
Croatia,Debit,1,89.0,35.0
Croatia,Pinot Noir,1,84.0,13.0
Croatia,Blaufränkisch,1,84.0,13.0
Croatia,Malvasia,8,87.5,18.5
Croatia,Malvasia Istriana,3,88.0,17.666666666666668
Croatia,Muscat,1,88.0,15.0
Croatia,Grenache,1,88.0,19.0
Cyprus,Red Blend,3,87.0,17.0
Cyprus,White Blend,4,86.75,14.25
Cyprus,Xinisteri,1,89.0,20.0
Cyprus,Xynisteri,2,87.0,18.5
Czech Republic,Ryzlink Rýnský,1,89.0,40.0
Czech Republic,Welschriesling,1,85.0,25.0
Czech Republic,Sauvignon Blanc,2,85.5,15.5
Czech Republic,Rivaner,1,87.0,15.0
Czech Republic,St. Laurent,1,88.0,15.0
Czech Republic,Red Blend,1,89.0,45.0
Czech Republic,Frankovka,1,88.0,24.0
Czech Republic,Cabernet Moravia,2,86.5,18.0
Czech Republic,Riesling,1,88.0,15.0
Egypt,Grenache,1,84.0,
England,Chardonnay,14,92.57142857142857,55.15384615384615
England,Pinot Noir,6,91.83333333333333,50.166666666666664
England,Sparkling Blend,42,91.52380952380952,52.43589743589744
England,White Blend,1,89.0,45.0
France,Pinot Gris,415,89.60481927710843,33.61081081081081
France,Pinot Meunier,16,90.5,72.93333333333334
France,Pinot Noir,1817,89.79526692350028,84.27310061601642
France,Romorantin,3,90.66666666666667,23.333333333333332
France,Pinot Noir-Gamay,16,85.3125,17.333333333333332
France,Poulsard,3,87.33333333333333,26.0
France,Provence red blend,53,90.01886792452831,30.0
France,Rhône-style Red Blend,678,88.92772861356931,33.47115384615385
France,Prunelard,1,91.0,23.0
France,Red Blend,276,88.20289855072464,22.884297520661157
France,Rhône-style White Blend,184,88.29891304347827,38.62359550561798
France,Riesling,651,90.47926267281106,32.863013698630134
France,Rolle,4,88.25,22.25
France,Pinot Blanc-Chardonnay,2,87.5,25.0
France,Provence white blend,29,87.93103448275862,23.074074074074073
France,Pinot Blanc,172,87.01744186046511,19.803030303030305
France,Muscadelle,4,90.25,37.5
France,Picpoul,9,86.11111111111111,13.875
France,Mondeuse,12,86.91666666666667,21.0
France,Moscato,2,85.5,7.5
France,Mourvèdre,6,91.33333333333333,41.0
France,Muscadel,1,88.0,30.0
France,Rosé,1726,87.18887601390499,19.571052631578947
France,Muscat,48,89.3125,30.813953488372093
France,Muscat Blanc à Petits Grains,2,85.5,12.0
France,Pinot Auxerrois,11,86.72727272727273,24.3
France,Muscat d'Alexandrie,1,88.0,16.0
France,Nielluciu,2,89.0,23.0
France,Ondenc,1,90.0,15.0
France,Petit Courbu,1,88.0,19.0
France,Petit Manseng,35,91.91428571428571,33.107142857142854
France,Petit Meslier,1,89.0,
France,Petit Verdot,1,92.0,40.0
France,Petite Verdot,1,84.0,25.0
France,Negrette,14,88.0,18.846153846153847
France,Roussanne,10,89.2,32.3
France,Sparkling Blend,344,87.73837209302326,22.394039735099337
France,Sacy,2,86.5,19.0
France,Sémillon,6,86.83333333333333,15.166666666666666
France,Tannat,56,91.48214285714286,35.229166666666664
France,Tannat-Cabernet,28,90.57142857142857,21.0
France,Tannat-Cabernet Franc,12,91.08333333333333,21.25
France,Tannat-Merlot,5,89.0,19.333333333333332
France,Tannat-Syrah,3,86.66666666666667,10.0
France,Tokay Pinot Gris,1,89.0,30.0
France,Trousseau,5,87.0,33.2
France,Ugni Blanc-Colombard,9,85.77777777777777,10.88888888888889
France,Verdelho,2,91.5,
France,Vermentino,22,87.63636363636364,24.2
France,Viognier,59,89.0,52.56140350877193
France,Viognier-Chardonnay,4,88.0,17.0
France,White Blend,235,87.2127659574468,18.643564356435643
France,Merlot-Tannat,3,89.33333333333333,18.333333333333332
France,Syrah-Viognier,3,89.0,61.333333333333336
France,Roussanne-Marsanne,1,91.0,40.0
France,Syrah-Mourvèdre,2,90.5,20.5
France,Syrah-Grenache,15,88.8,17.214285714285715
France,Sauvignon,3,89.0,21.666666666666668
France,Sauvignon Blanc,849,88.31448763250883,26.508
France,Sauvignon Blanc-Chardonnay,3,88.0,18.0
France,Sauvignon Blanc-Sauvignon Gris,1,86.0,
France,Sauvignon Blanc-Semillon,1,86.0,12.0
France,Sauvignon Gris,2,87.0,14.0
France,Sauvignon-Sémillon,1,86.0,12.0
France,Savagnin,19,89.6842105263158,48.15384615384615
France,Sciaccerellu,4,89.0,45.5
France,Semillon-Sauvignon Blanc,1,86.0,15.0
France,Shiraz,2,87.5,21.0
France,Sylvaner,35,88.31428571428572,22.214285714285715
France,Syrah,149,89.86577181208054,55.751724137931035
France,Syrah-Cabernet,1,86.0,24.0
France,Syrah-Carignan,3,89.0,18.666666666666668
France,Syrah-Merlot,1,86.0,11.0
France,Merlot-Malbec,2,86.5,13.5
France,Carignan-Grenache,1,90.0,17.0
France,Merlot-Cabernet Sauvignon,7,86.71428571428571,12.714285714285714
France,Carignan,4,88.0,19.25
France,Merlot-Grenache,1,89.0,10.0
France,Carignan-Syrah,2,90.5,48.5
France,Chardonnay,2589,89.29818462726922,58.5400390625
France,Chardonnay-Pinot Gris,1,85.0,17.0
France,Chardonnay-Sauvignon,3,86.66666666666667,15.333333333333334
France,Carcajolu,1,88.0,21.0
France,Chardonnay-Sauvignon Blanc,1,88.0,16.0
France,Chasselas,6,88.66666666666667,20.8
France,Chenin Blanc,252,89.23809523809524,28.12857142857143
France,Chenin Blanc-Chardonnay,26,88.34615384615384,16.428571428571427
France,Cinsault,3,86.0,14.333333333333334
France,Clairette,1,88.0,12.0
France,Colombard,11,85.63636363636364,9.7
France,Chardonnay-Viognier,11,86.45454545454545,15.777777777777779
France,Cabernet-Syrah,5,89.4,27.25
France,Cabernet Sauvignon-Syrah,2,88.0,13.5
France,Cabernet Sauvignon-Merlot,3,85.0,9.666666666666666
France,Abouriou,2,89.0,15.0
France,Aligoté,19,86.05263157894737,18.88888888888889
France,Alsace white blend,50,90.32,29.895833333333332
France,Altesse,6,88.83333333333333,17.666666666666668
France,Auxerrois,12,88.41666666666667,23.0
France,Biancu Gentile,1,89.0,
France,Bordeaux-style Red Blend,4437,88.850800090151,41.81540549711571
France,Bordeaux-style White Blend,951,88.75289169295479,36.192242833052276
France,Braucol,5,90.6,27.0
France,Cabernet,1,85.0,13.0
France,Cabernet Blend,1,84.0,13.0
France,Cabernet Franc,161,88.45962732919254,24.746031746031747
France,Cabernet Franc-Cabernet Sauvignon,11,89.72727272727273,24.9
France,Cabernet Merlot,1,85.0,12.0
France,Cabernet Sauvignon,53,85.24528301886792,17.6734693877551
France,Colombard-Sauvignon Blanc,17,85.3529411764706,10.857142857142858
France,Colombard-Ugni Blanc,7,85.14285714285714,10.285714285714286
France,Champagne Blend,1156,90.02249134948097,77.63922764227642
France,Edelzwicker,1,90.0,19.0
France,Loin de l'Oeil,9,91.33333333333333,27.333333333333332
France,Malbec,413,89.65133171912834,34.420911528150135
France,Malbec Blend,1,88.0,
France,Malbec-Cabernet Franc,1,85.0,30.0
France,Malbec-Merlot,74,88.58108108108108,19.092307692307692
France,Malbec-Tannat,9,92.33333333333333,31.666666666666668
France,Mansois,4,87.25,17.0
France,Marsanne,19,88.73684210526316,47.36842105263158
France,Marsanne-Roussanne,3,88.66666666666667,41.666666666666664
France,Marselan,1,87.0,12.0
France,Duras,7,88.42857142857143,21.333333333333332
France,Melon,255,88.43921568627451,17.273972602739725
France,Merlot,107,86.66355140186916,23.428571428571427
France,Merlot-Cabernet,1,88.0,12.0
France,Merlot-Cabernet Franc,1,88.0,23.0
France,Jacquère,23,87.47826086956522,16.90909090909091
France,Gros and Petit Manseng,46,89.78260869565217,20.81578947368421
France,Mauzac,7,87.71428571428571,18.0
France,Gros Manseng,21,88.19047619047619,17.77777777777778
France,Ekigaïna,1,85.0,
France,Fer Servadou,2,87.0,16.5
France,Folle Blanche,1,85.0,16.0
France,G-S-M,6,89.0,22.833333333333332
France,Gamay,921,88.03691639522259,20.78255033557047
France,Gamay Noir,2,87.0,18.5
France,Grenache,23,87.65217391304348,29.818181818181817
France,Gewürztraminer,440,89.5,34.16153846153846
France,Grenache Gris,1,87.0,22.0
France,Grenache Noir,1,86.0,9.0
France,Grenache-Carignan,2,89.5,20.0
France,Grenache-Mourvèdre,1,92.0,60.0
France,Grenache-Syrah,20,87.7,18.45
France,Grolleau,2,86.0,32.0
France,Grenache Blanc,3,90.66666666666667,35.5
France,Gros Plant,1,86.0,16.0
Georgia,Rosé,1,86.0,12.0
Georgia,White Blend,8,87.25,12.5
Georgia,Sparkling Blend,3,84.66666666666667,13.333333333333334
Georgia,Saperavi-Merlot,2,87.0,17.5
Georgia,Saperavi,28,88.60714285714286,20.571428571428573
Georgia,Rkatsiteli,19,87.05263157894737,21.666666666666668
Georgia,Other,1,89.0,27.0
Georgia,Mtsvane,4,87.75,17.666666666666668
Georgia,Kisi,5,87.0,20.4
Georgia,Chinuri,2,85.5,23.0
Georgia,Red Blend,3,88.33333333333333,17.333333333333332
Germany,Rieslaner,5,90.0,40.333333333333336
Germany,Riesling,1649,90.14190418435416,45.65820433436532
Germany,Rivaner,2,86.5,17.0
Germany,Rosé,12,88.66666666666667,20.90909090909091
Germany,Scheurebe,8,88.25,20.125
Germany,Schwartzriesling,1,90.0,25.0
Germany,Silvaner,33,88.66666666666667,50.125
Germany,Spätburgunder,66,90.13636363636364,60.753846153846155
Germany,Sparkling Blend,11,88.0909090909091,24.181818181818183
Germany,St. Laurent,2,87.5,35.0
Germany,Traminer,1,88.0,48.0
Germany,Trollinger,2,90.5,21.5
Germany,Weissburgunder,13,89.3076923076923,27.23076923076923
Germany,White Blend,8,87.875,16.5
Germany,Red Blend,8,86.75,20.125
Germany,Silvaner-Traminer,1,86.0,25.0
Germany,Pinot Noir,53,89.47169811320755,31.660377358490567
Germany,Chardonnay Weissburgunder,1,90.0,25.0
Germany,Pinot Grigio,3,88.0,13.0
Germany,Auxerrois,2,89.0,19.5
Germany,Bacchus,1,91.0,
Germany,Chardonnay,4,89.5,29.0
Germany,Chardonnay-Pinot Blanc,1,87.0,25.0
Germany,Dornfelder,21,85.95238095238095,12.904761904761905
Germany,Pinot Gris,11,87.63636363636364,20.0
Germany,Früburgunder,1,90.0,40.0
Germany,Elbling,3,87.33333333333333,16.0
Germany,Gewürztraminer-Riesling,1,86.0,25.0
Germany,Grauburgunder,6,88.16666666666667,20.166666666666668
Germany,Lemberger,4,88.0,31.0
Germany,Muskateller,4,87.0,26.75
Germany,Müller-Thurgau,1,90.0,19.0
Germany,Pinot Blanc,20,88.85,21.105263157894736
Germany,Gewürztraminer,33,87.87878787878788,16.151515151515152
Greece,Roditis-Moschofilero,1,88.0,11.0
Greece,Roditis,4,86.5,16.75
Greece,Robola,4,87.75,23.0
Greece,Red Blend,65,87.01538461538462,28.38095238095238
Greece,Moschofilero-Chardonnay,1,85.0,13.0
Greece,Muscat of Alexandria,2,85.0,16.5
Greece,Muscat,9,87.11111111111111,17.22222222222222
Greece,Rosé,13,86.92307692307692,16.846153846153847
Greece,Plyto,2,87.0,19.5
Greece,Sauvignon Blanc,6,86.33333333333333,25.0
Greece,Vilana,4,86.5,14.5
Greece,Savatiano,5,87.2,13.8
Greece,Sideritis,1,85.0,23.0
Greece,Syrah,6,86.83333333333333,21.6
Greece,Tannat,1,88.0,21.0
Greece,Thrapsathiri,1,88.0,25.0
Greece,Traminer,2,84.5,17.5
Greece,Viognier,5,86.8,33.0
Greece,White Blend,67,86.8955223880597,19.439393939393938
Greece,Xinomavro,30,86.66666666666667,22.862068965517242
Greece,Sauvignon Blanc-Assyrtiko,1,92.0,20.0
Greece,Moschofilero,32,88.15625,15.21875
Greece,Mavrotragano,1,90.0,50.0
Greece,Mavroudi,1,87.0,12.0
Greece,Agiorgitiko,56,86.98214285714286,23.767857142857142
Greece,Aidani,1,82.0,27.0
Greece,Assyrtico,39,88.05128205128206,23.153846153846153
Greece,Assyrtiko,15,89.13333333333334,23.4
Greece,Merlot,5,88.2,37.0
Greece,Cabernet Blend,1,85.0,30.0
Greece,Cabernet Sauvignon,6,86.0,20.833333333333332
Greece,Cabernet Sauvignon Grenache,1,87.0,23.0
Greece,Cabernet Sauvignon-Merlot,3,88.33333333333333,21.333333333333332
Greece,Cabernet Sauvignon-Syrah,1,88.0,19.0
Greece,Athiri,1,83.0,18.0
Greece,Dafni,1,85.0,20.0
Greece,Kotsifali,1,92.0,13.0
Greece,Malagousia,9,88.66666666666667,20.666666666666668
Greece,Malagouzia,4,88.5,20.0
Greece,Malagouzia-Chardonnay,1,86.0,8.0
Greece,Malvasia,1,85.0,45.0
Greece,Mandilaria,2,88.5,25.0
Greece,Mavrodaphne,5,86.4,16.0
Greece,Mavrokalavryta,1,86.0,15.0
Greece,Chardonnay,14,87.28571428571429,24.285714285714285
Hungary,Muscat,2,88.5,15.5
Hungary,Muscat Blanc,1,90.0,18.0
Hungary,Pinot Gris,1,87.0,13.0
Hungary,Pinot Noir,1,90.0,25.0
Hungary,Red Blend,7,87.0,31.857142857142858
Hungary,Tokaji,24,90.75,59.08695652173913
Hungary,Sparkling Blend,2,84.0,11.5
Hungary,White Blend,15,90.93333333333334,29.133333333333333
Hungary,Syrah,2,88.5,25.0
Hungary,Merlot,1,89.0,76.0
Hungary,Rosé,3,87.0,17.666666666666668
Hungary,Kekfrankos,9,87.11111111111111,29.11111111111111
Hungary,Blaufränkisch,1,85.0,12.0
Hungary,Irsai Oliver,1,87.0,13.0
Hungary,Hárslevelü,2,89.5,28.0
Hungary,Grüner Veltliner,1,87.0,11.0
Hungary,Furmint,42,89.97619047619048,51.92857142857143
Hungary,Chardonnay,1,89.0,25.0
Hungary,Cabernet Franc,2,86.5,52.5
Hungary,Cabernet Blend,1,89.0,78.0
Hungary,Bordeaux-style Red Blend,6,88.0,45.833333333333336
Hungary,Blauer Portugieser,1,86.0,15.0
Hungary,Blauburger,1,87.0,17.0
Hungary,Kadarka,2,88.0,24.0
India,Shiraz,4,91.5,16.0
India,Chenin Blanc,2,88.5,11.0
India,Sauvignon Blanc,2,89.5,12.0
Israel,Roussanne-Marsanne,1,88.0,50.0
Israel,Pinot Gris,1,90.0,15.0
Israel,Pinot Noir,6,86.0,19.5
Israel,Pinotage,1,88.0,25.0
Israel,Red Blend,71,89.33802816901408,40.3235294117647
Israel,Rhône-style Red Blend,2,92.0,23.5
Israel,Rhône-style White Blend,1,85.0,20.0
Israel,Riesling,1,90.0,15.0
Israel,Rosé,10,86.9,19.6
Israel,Sangiovese,1,90.0,15.0
Israel,Syrah-Viognier,1,90.0,50.0
Israel,Sauvignon Blanc-Semillon,1,86.0,30.0
Israel,Shiraz,25,89.08,21.8
Israel,Syrah,22,89.4090909090909,40.0
Israel,Syrah-Merlot,1,88.0,38.0
Israel,Syrah-Mourvèdre,3,90.33333333333333,30.333333333333332
Israel,Petite Sirah,9,89.0,33.333333333333336
Israel,Tempranillo,2,83.0,21.0
Israel,Viognier,4,87.75,18.0
Israel,White Blend,16,87.1875,22.75
Israel,White Riesling,1,89.0,26.0
Israel,Sauvignon Blanc,16,85.9375,16.5625
Israel,Petit Verdot,2,90.5,52.5
Israel,Sparkling Blend,2,87.0,28.5
Israel,Merlot-Cabernet Sauvignon,1,85.0,
Israel,Moscato,3,88.66666666666667,13.0
Israel,Argaman,3,88.33333333333333,40.666666666666664
Israel,Bordeaux-style Red Blend,37,89.29729729729729,49.583333333333336
Israel,Cabernet Blend,1,87.0,65.0
Israel,Cabernet Franc,5,88.0,35.5
Israel,Cabernet Franc-Cabernet Sauvignon,1,90.0,38.0
Israel,Cabernet Merlot,3,89.66666666666667,39.666666666666664
Israel,Cabernet Sauvignon,97,88.84536082474227,33.57608695652174
Israel,Cabernet Sauvignon-Cabernet Franc,1,92.0,45.0
Israel,Cabernet Sauvignon-Merlot,8,88.25,23.375
Israel,Cabernet Sauvignon-Shiraz,6,88.0,21.666666666666668
Israel,Barbera,3,85.33333333333333,22.0
Israel,Chardonnay,39,87.41025641025641,23.13157894736842
Israel,Carignan,6,90.33333333333333,44.166666666666664
Israel,Merlot,35,87.37142857142857,25.735294117647058
Israel,Marselan,3,89.33333333333333,41.333333333333336
Israel,Marawi,2,87.5,35.0
Israel,Gewürztraminer,5,89.2,24.6
Israel,Merlot-Argaman,1,85.0,12.0
Israel,Chenin Blanc,2,88.0,30.0
Israel,Chardonnay-Sauvignon Blanc,2,88.0,12.0
Israel,Chardonnay-Sauvignon,1,89.0,11.0
Israel,Fumé Blanc,1,86.0,15.0
Italy,Primitivo,112,86.69642857142857,21.989583333333332
Italy,Picolit,26,91.15384615384616,70.0909090909091
Italy,Pigato,1,84.0,23.0
Italy,Pignoletto,4,84.5,16.333333333333332
Italy,Pignolo,1,92.0,70.0
Italy,Pinot Bianco,143,88.42657342657343,25.17037037037037
Italy,Pinot Grigio,566,86.52296819787986,18.195028680688335
Italy,Pinot Noir,6,86.83333333333333,24.5
Italy,Piedirosso,19,86.47368421052632,21.307692307692307
Italy,Raboso,13,85.84615384615384,25.416666666666668
Italy,Prosecco,228,86.39035087719299,19.288659793814432
Italy,Prugnolo Gentile,42,88.66666666666667,47.53125
Italy,Pugnitello,3,87.66666666666667,49.0
Italy,Rebo,2,88.0,27.0
Italy,Red Blend,3332,88.82082833133254,39.983666666666664
Italy,Refosco,8,86.375,26.333333333333332
Italy,Ribolla Gialla,64,87.625,29.816666666666666
Italy,Riesling,23,87.8695652173913,21.047619047619047
Italy,Petit Verdot,7,89.71428571428571,38.42857142857143
Italy,Rosato,90,86.7,17.30666666666667
Italy,Prié Blanc,6,88.33333333333333,24.2
Italy,Petit Manseng,3,88.0,38.666666666666664
Italy,Nerello Mascalese,107,89.79439252336448,42.14705882352941
Italy,Pecorino,46,87.23913043478261,19.925
Italy,Roscetto,1,88.0,
Italy,Moscato Giallo,15,87.0,23.083333333333332
Italy,Moscato Rosa,2,90.0,33.5
Italy,Moscato di Noto,1,92.0,40.0
Italy,Muscat,1,86.0,10.0
Italy,Müller-Thurgau,29,87.3103448275862,22.0
Italy,Nascetta,6,87.83333333333333,27.0
Italy,Nasco,2,90.5,37.5
Italy,Nebbiolo,2544,90.374606918239,67.15776930409915
Italy,Perricone,9,87.66666666666667,27.333333333333332
Italy,Negroamaro,74,86.6891891891892,17.91304347826087
Italy,Nero d'Avola,320,87.434375,23.42105263157895
Italy,Nero di Troia,16,87.6875,29.466666666666665
Italy,Nosiola,7,88.0,28.428571428571427
Italy,Nuragus,3,88.33333333333333,16.0
Italy,Moscato,176,86.79545454545455,20.736486486486488
Italy,Pallagrello,9,87.44444444444444,33.0
Italy,Pallagrello Bianco,5,87.6,31.6
Italy,Pallagrello Nero,4,87.75,45.25
Italy,Passerina,21,85.95238095238095,17.294117647058822
Italy,Nerello Cappuccio,5,89.4,34.2
Italy,Rosé,67,85.86567164179104,15.959183673469388
Italy,Uva di Troia,11,87.54545454545455,25.0
Italy,Ruché,10,87.0,28.0
Italy,Trebbiano,46,87.21739130434783,23.657894736842106
Italy,Trebbiano Spoletino,7,87.71428571428571,22.4
Italy,Trebbiano di Lugana,3,87.66666666666667,29.333333333333332
Italy,Turbiana,134,88.86567164179104,23.78048780487805
Italy,Uvalino,1,88.0,29.0
Italy,Veltliner,4,90.0,29.5
Italy,Verdeca,5,86.2,15.6
Italy,Verdicchio,148,87.72297297297297,21.682758620689654
Italy,Verduzzo,5,90.0,30.0
Italy,Traminer,9,87.11111111111111,16.857142857142858
Italy,Verduzzo Friulano ,3,88.66666666666667,54.333333333333336
Italy,Vermentino Nero,1,88.0,45.0
Italy,Vernaccia,124,87.3225806451613,18.75221238938053
Italy,Vespaiolo,1,92.0,40.0
Italy,Vespolina,2,88.0,25.0
Italy,Viognier,13,87.07692307692308,30.166666666666668
Italy,Vitovska,2,90.5,85.0
Italy,White Blend,725,87.89103448275863,28.10097719869707
Italy,Zibibbo,28,89.5,37.68
Italy,Moscadello,6,90.0,40.0
Italy,Vermentino,141,87.61702127659575,22.88888888888889
Italy,Roviello,2,92.5,28.0
Italy,Torbato,1,91.0,20.0
Italy,Tocai,9,88.66666666666667,22.25
Italy,Sagrantino,95,89.93684210526315,53.6
Italy,Sangiovese,2053,88.82367267413541,49.429789653212055
Italy,Sangiovese Grosso,695,90.56834532374101,65.35661764705883
Italy,Sauvignon,265,88.20377358490566,26.796812749003983
Italy,Sauvignon Blanc,48,87.0,23.204545454545453
Italy,Schiava,21,88.19047619047619,18.952380952380953
Italy,Shiraz,5,87.0,16.75
Italy,Silvaner,1,87.0,
Italy,Sirica,2,92.5,23.0
Italy,Tocai Friulano,7,86.85714285714286,38.2
Italy,Sparkling Blend,324,88.58024691358025,41.011673151750976
Italy,Sylvaner,12,88.75,23.25
Italy,Syrah,129,88.91472868217055,50.097345132743364
Italy,Sémillon,1,86.0,15.0
Italy,Tannat,1,86.0,28.0
Italy,Tempranillo,6,88.66666666666667,31.0
Italy,Teroldego,13,89.92307692307692,32.53846153846154
Italy,Teroldego Rotaliano,1,86.0,15.0
Italy,Timorasso,4,90.75,45.75
Italy,Tintilia ,1,87.0,25.0
Italy,Susumaniello,6,89.66666666666667,30.8
Italy,Montepulciano,179,86.75977653631286,24.771084337349397
Italy,Pinot Nero,161,88.77018633540372,35.05714285714286
Italy,Mondeuse,2,89.5,48.0
Italy,Cannonau,28,87.85714285714286,25.0
Italy,Caprettone,1,92.0,19.0
Italy,Carignano,13,89.92307692307692,36.833333333333336
Italy,Carmenère,1,90.0,40.0
Italy,Carricante,34,89.76470588235294,40.205882352941174
Italy,Casavecchia,3,86.66666666666667,43.0
Italy,Catalanesca,1,89.0,19.0
Italy,Catarratto,28,86.78571428571429,20.16
Italy,Cesanese,1,90.0,20.0
Italy,Canaiolo,3,88.33333333333333,40.666666666666664
Italy,Cesanese d'Affile,5,88.0,21.6
Italy,Chardonnay,311,88.17684887459806,31.766323024054984
Italy,Ciliegiolo,3,87.66666666666667,30.666666666666668
Italy,Cococciola,1,86.0,20.0
Italy,Coda di Volpe,17,85.23529411764706,19.5
Italy,Colorino,1,86.0,40.0
Italy,Cortese,63,86.47619047619048,22.05263157894737
Italy,Corvina,21,88.66666666666667,44.78947368421053
Italy,"Corvina, Rondinella, Molinara",574,88.2212543554007,48.44298245614035
Italy,Dolcetto,121,87.1900826446281,20.045871559633028
Italy,Champagne Blend,10,87.8,24.9
Italy,Durella,8,89.625,32.5
Italy,Cabernet Sauvignon-Shiraz,1,86.0,10.0
Italy,Cabernet Sauvignon,120,89.275,45.324074074074076
Italy,Aglianico,324,89.31481481481481,39.922779922779924
Italy,Albana,21,89.42857142857143,23.944444444444443
Italy,Albanello,1,86.0,20.0
Italy,Albarossa,1,88.0,40.0
Italy,Aleatico,5,86.6,39.75
Italy,Alicante,5,87.4,23.0
Italy,Ansonica,2,86.5,26.0
Italy,Arneis,64,87.109375,20.655172413793103
Italy,Asprinio,3,84.0,15.0
Italy,Cabernet Sauvignon-Merlot,2,92.0,61.5
Italy,Barbera,428,87.8644859813084,25.437689969604865
Italy,Biancolella,1,85.0,26.0
Italy,Bombino Bianco,2,87.0,30.0
Italy,Bombino Nero,1,87.0,11.0
Italy,Bordeaux-style Red Blend,2,89.5,56.5
Italy,Bovale,3,89.33333333333333,30.0
Italy,Brachetto,14,83.71428571428571,17.428571428571427
Italy,Cabernet,6,87.0,13.25
Italy,Cabernet Blend,3,88.33333333333333,46.666666666666664
Italy,Cabernet Franc,28,91.0,86.25
Italy,Biancale,1,85.0,18.0
Italy,Erbaluce,2,88.0,25.5
Italy,Centesimino,1,92.0,36.0
Italy,Favorita,1,90.0,40.0
Italy,Kerner,24,88.83333333333333,23.347826086956523
Italy,Lagrein,65,88.6923076923077,33.20634920634921
Italy,Lambrusco,47,84.68085106382979,15.55
Italy,Lambrusco Grasparossa,17,87.47058823529412,17.8
Italy,Lambrusco Salamino,2,88.0,18.5
Italy,Lambrusco di Sorbara,18,89.5,20.6875
Italy,Magliocco,3,89.33333333333333,30.0
Italy,Malbec,2,89.0,30.0
Italy,Malvar,1,88.0,35.0
Italy,Inzolia,28,86.0,15.04
Italy,Malvasia,27,87.29629629629629,27.541666666666668
Italy,Falanghina,80,87.1875,20.671641791044777
Italy,Malvasia Nera,5,86.8,31.6
Italy,Malvasia di Candia,2,87.0,22.5
Italy,Mantonico,7,87.71428571428571,27.8
Italy,Manzoni,7,86.85714285714286,22.6
Italy,Marzemino,3,86.33333333333333,52.333333333333336
Italy,Merlot,139,89.4748201438849,92.11023622047244
Italy,Merlot-Cabernet,1,86.0,19.0
Italy,Molinara,1,87.0,25.0
Italy,Malvasia Bianca,3,88.0,26.0
Italy,Insolia,27,86.44444444444444,16.681818181818183
Italy,Malvasia Istriana,3,85.33333333333333,18.5
Italy,Grüner Veltliner,5,88.4,24.0
Italy,Fiano,128,88.1953125,27.9009009009009
Italy,Francisa,1,91.0,160.0
Italy,Franconia,1,86.0,16.0
Italy,Frappato,38,87.60526315789474,22.542857142857144
Italy,Freisa,2,86.5,21.0
Italy,Friulano,108,87.92592592592592,24.13
Italy,Gaglioppo,13,86.6923076923077,20.666666666666668
Italy,Garganega,247,87.63157894736842,20.691542288557216
Italy,Gewürztraminer,45,88.42222222222222,30.977272727272727
Italy,Glera,646,87.23065015479877,20.108695652173914
Italy,Gragnano,2,82.5,16.5
Italy,Grecanico,8,87.5,21.5
Italy,Monica,3,87.0,16.666666666666668
Italy,Grechetto,14,86.64285714285714,16.818181818181817
Italy,Greco,104,88.38461538461539,26.604166666666668
Italy,Greco Bianco,5,86.2,16.5
Italy,Grenache,1,90.0,230.0
Italy,Grignolino,2,86.0,17.0
Italy,Grillo,119,86.90756302521008,17.854166666666668
Italy,Groppello,1,87.0,23.0
Italy,Incrocio Manzoni,3,88.0,26.333333333333332
Lebanon,White Blend,9,86.44444444444444,27.444444444444443
Lebanon,Syrah-Cabernet Sauvignon,2,91.0,35.0
Lebanon,Rosé,4,86.75,18.75
Lebanon,Red Blend,15,87.8,34.666666666666664
Lebanon,Chardonnay,1,88.0,30.0
Lebanon,Rhône-style Red Blend,1,91.0,27.0
Luxembourg,Auxerrois,1,90.0,22.0
Luxembourg,Riesling,1,88.0,23.0
Luxembourg,Sparkling Blend,2,88.5,28.0
Luxembourg,White Blend,1,89.0,16.0
Macedonia,Žilavka,1,88.0,15.0
Macedonia,White Blend,1,85.0,15.0
Macedonia,Sauvignon,1,88.0,15.0
Macedonia,Vranec,3,87.33333333333333,17.0
Macedonia,Red Blend,1,86.0,16.0
Macedonia,Pinot Noir,2,85.5,15.0
Macedonia,Chardonnay,1,87.0,15.0
Macedonia,Rkatsiteli,1,88.0,15.0
Mexico,Red Blend,13,87.84615384615384,42.69230769230769
Mexico,White Blend,2,85.5,20.0
Mexico,Tempranillo,2,82.5,24.0
Mexico,Syrah-Mourvèdre,1,91.0,45.0
Mexico,Syrah,1,83.0,35.0
Mexico,Shiraz,1,82.0,23.0
Mexico,Sauvignon Blanc-Chenin Blanc,1,86.0,22.0
Mexico,Sauvignon Blanc,7,84.71428571428571,15.428571428571429
Mexico,Rosé,2,82.5,23.0
Mexico,Rosado,1,86.0,17.0
Mexico,Nebbiolo,6,86.16666666666667,24.333333333333332
Mexico,Petite Sirah,3,84.66666666666667,13.666666666666666
Mexico,Muscatel,1,87.0,19.0
Mexico,Cabernet Blend,1,87.0,20.0
Mexico,Cabernet Franc,1,86.0,39.0
Mexico,Cabernet Sauvignon,8,84.25,33.375
Mexico,Cabernet Sauvignon-Merlot,1,86.0,23.0
Mexico,Bordeaux-style Red Blend,1,88.0,40.0
Mexico,Chenin Blanc,3,83.0,13.333333333333334
Mexico,Cinsault,1,80.0,15.0
Mexico,Grenache,1,85.0,28.0
Mexico,Merlot,1,82.0,30.0
Mexico,Chardonnay,9,83.55555555555556,17.0
Moldova,Pinot Gris,2,86.0,9.0
Moldova,White Blend,6,88.33333333333333,24.5
Moldova,Traminer,2,88.5,13.0
Moldova,Sparkling Blend,1,85.0,13.0
Moldova,Sauvignon Blanc,3,85.66666666666667,13.0
Moldova,Saperavi,1,82.0,13.0
Moldova,Rosé,1,90.0,16.0
Moldova,Red Blend,11,87.81818181818181,22.545454545454547
Moldova,Rara Neagra,2,89.5,17.5
Moldova,Muscat,5,84.6,9.2
Moldova,Riesling,1,90.0,23.0
Moldova,Pinot Grigio,2,86.0,11.5
Moldova,Merlot-Cabernet Sauvignon,1,87.0,16.0
Moldova,Merlot,2,86.5,9.0
Moldova,Feteascǎ Regalǎ,1,87.0,11.0
Moldova,Feteasca Neagra,1,88.0,12.0
Moldova,Feteasca,1,88.0,13.0
Moldova,Chardonnay,2,86.5,20.0
Moldova,Champagne Blend,1,83.0,12.0
Moldova,Cabernet Sauvignon,7,87.57142857142857,12.571428571428571
Moldova,Bordeaux-style Red Blend,2,90.0,35.0
Moldova,Moscato,1,85.0,10.0
Morocco,White Blend,3,86.33333333333333,14.666666666666666
Morocco,Syrah-Grenache,2,88.0,35.0
Morocco,Syrah,4,89.75,17.75
Morocco,Sauvignon Blanc,3,88.0,18.0
Morocco,Cabernet Blend,1,89.0,18.0
Morocco,Chardonnay,3,88.33333333333333,18.0
Morocco,Cabernet Sauvignon Grenache,1,89.0,14.0
Morocco,Red Blend,7,89.71428571428571,18.571428571428573
New Zealand,Pinot Noir,451,88.34146341463415,34.716279069767445
New Zealand,Red Blend,1,89.0,30.0
New Zealand,Riesling,56,87.91071428571429,20.037037037037038
New Zealand,Rosé,5,86.2,16.8
New Zealand,Sauvignon,1,85.0,15.0
New Zealand,Sauvignon Blanc,490,88.03877551020408,18.642561983471076
New Zealand,Semillon-Sauvignon Blanc,1,82.0,14.0
New Zealand,Sparkling Blend,9,87.11111111111111,24.11111111111111
New Zealand,Syrah,40,90.55,44.28947368421053
New Zealand,White Blend,1,90.0,16.0
New Zealand,Pinot Gris,56,87.55357142857143,20.745454545454546
New Zealand,Sauvignon Blanc-Semillon,3,86.0,25.333333333333332
New Zealand,Pinot Grigio,3,87.33333333333333,14.666666666666666
New Zealand,Malbec,1,88.0,18.0
New Zealand,Merlot-Cabernet Franc,1,89.0,39.0
New Zealand,Merlot-Malbec,3,87.33333333333333,20.0
New Zealand,Bordeaux-style Red Blend,25,90.6,48.54545454545455
New Zealand,Cabernet Merlot,2,90.0,25.0
New Zealand,Cabernet Sauvignon,2,87.0,18.0
New Zealand,Cabernet Sauvignon-Merlot,4,90.25,32.0
New Zealand,Chardonnay,101,88.70297029702971,29.871287128712872
New Zealand,Champagne Blend,1,91.0,35.0
New Zealand,Gewürztraminer,3,88.0,21.0
New Zealand,Grüner Veltliner,4,88.5,20.25
New Zealand,Merlot,10,89.3,30.666666666666668
New Zealand,Merlot-Cabernet,1,88.0,29.0
New Zealand,Chenin Blanc,3,89.66666666666667,25.666666666666668
Peru,Sauvignon Blanc,1,84.0,14.0
Peru,White Blend,2,82.5,10.0
Peru,Syrah,1,81.0,14.0
Peru,Sparkling Blend,1,80.0,15.0
Peru,Red Blend,4,84.5,28.75
Peru,Tannat,1,85.0,14.0
Peru,Malbec-Merlot,1,85.0,17.0
Peru,Malbec,2,84.5,14.5
Peru,Chardonnay,1,82.0,14.0
Peru,Cabernet Sauvignon-Syrah,1,84.0,17.0
Peru,Petit Verdot,1,84.0,20.0
Portugal,Sousão,6,88.16666666666667,35.666666666666664
Portugal,Siria,11,87.0909090909091,13.7
Portugal,Shiraz,3,90.33333333333333,13.0
Portugal,Sercial,1,94.0,50.0
Portugal,Sauvignon Blanc,24,86.5,19.0
Portugal,Rosé,224,84.5,11.871794871794872
Portugal,Rosado,1,86.0,13.0
Portugal,Riesling,4,87.5,19.666666666666668
Portugal,Rhône-style Red Blend,3,92.66666666666667,45.0
Portugal,Red Blend,7,88.57142857142857,21.571428571428573
Portugal,Rabigato,2,89.0,34.0
Portugal,Portuguese White,1057,86.91106906338695,15.41878453038674
Portugal,Portuguese Sparkling,60,86.03333333333333,17.304347826086957
Portugal,Portuguese Rosé,15,84.53333333333333,17.0
Portugal,Portuguese Red,2282,88.8387379491674,25.027120315581854
Portugal,Port,571,89.98423817863397,70.23658536585366
Portugal,Pinot Noir,17,88.47058823529412,30.642857142857142
Portugal,Petite Verdot,2,90.5,33.0
Portugal,Petit Verdot,9,89.77777777777777,30.428571428571427
Portugal,Sparkling Blend,8,87.0,23.0
Portugal,Ramisco,1,93.0,495.0
Portugal,Syrah,46,88.52173913043478,29.92105263157895
Portugal,Muscat,2,87.0,8.5
Portugal,Terrantez,1,95.0,236.0
Portugal,White Port,1,86.0,
Portugal,White Blend,8,87.625,21.25
Portugal,Vital,1,90.0,
Portugal,Viosinho,4,88.75,24.5
Portugal,Viognier-Chardonnay,1,88.0,
Portugal,Viognier,13,88.23076923076923,23.90909090909091
Portugal,Vinhão,4,86.25,22.0
Portugal,Verdelho,28,87.21428571428571,25.727272727272727
Portugal,Trincadeira,23,87.69565217391305,20.19047619047619
Portugal,Sémillon,4,89.75,31.0
Portugal,Trajadura,1,86.0,7.0
Portugal,Touriga Nacional Blend,16,88.875,19.833333333333332
Portugal,Touriga Nacional,162,89.07407407407408,28.594202898550726
Portugal,Touriga Franca,6,88.66666666666667,24.833333333333332
Portugal,Tinta Roriz,11,88.0909090909091,29.4
Portugal,Tinta Negra Mole,1,92.0,112.0
Portugal,Tinta Miúda,2,88.0,21.0
Portugal,Tinta Francisca,3,90.33333333333333,50.0
Portugal,Tinta Cao,1,90.0,14.0
Portugal,Tinta Barroca,4,86.75,17.666666666666668
Portugal,Touriga Nacional-Cabernet Sauvignon,27,88.0,13.56
Portugal,Moscatel Roxo,6,89.5,22.0
Portugal,Fernão Pires,34,87.29411764705883,20.928571428571427
Portugal,Moscatel,16,89.375,42.15384615384615
Portugal,Cabernet Sauvignon-Syrah,1,90.0,22.0
Portugal,Cabernet Blend,1,86.0,13.0
Portugal,Bual,7,94.14285714285714,100.0
Portugal,Bordeaux-style Red Blend,5,93.0,41.2
Portugal,Bical,13,86.38461538461539,15.25
Portugal,Bastardo,1,86.0,32.0
Portugal,Baga-Touriga Nacional,2,91.0,40.0
Portugal,Baga,26,90.23076923076923,36.92
Portugal,Azal,3,86.0,13.666666666666666
Portugal,Avesso,6,88.0,16.333333333333332
Portugal,Arinto,70,87.1,16.1
Portugal,Aragonês,9,88.66666666666667,31.166666666666668
Portugal,Aragonez,9,87.33333333333333,21.2
Portugal,Antão Vaz,15,87.8,20.2
Portugal,Alvarinho-Chardonnay,5,87.0,11.25
Portugal,Alvarinho,122,88.78688524590164,19.435643564356436
Portugal,Alvarelhão,1,88.0,24.0
Portugal,Alicante Bouschet,41,89.65853658536585,32.43589743589744
Portugal,Alfrocheiro,14,88.85714285714286,27.928571428571427
Portugal,Castelão,30,87.26666666666667,16.724137931034484
Portugal,Cerceal,3,89.66666666666667,44.666666666666664
Portugal,Cabernet Sauvignon,14,88.0,18.23076923076923
Portugal,Chardonnay,15,87.4,17.466666666666665
Portugal,Merlot-Syrah,1,88.0,24.0
Portugal,Merlot,14,88.14285714285714,19.75
Portugal,Maria Gomes-Bical,1,86.0,25.0
Portugal,Maria Gomes,1,88.0,11.0
Portugal,Malvasia Fina,2,88.0,23.5
Portugal,Malvasia,1,88.0,30.0
Portugal,Cercial,1,88.0,50.0
Portugal,Loureiro-Arinto,1,86.0,10.0
Portugal,Loureiro,28,87.32142857142857,12.869565217391305
Portugal,Jampal,1,88.0,25.0
Portugal,Madeira Blend,2,88.0,49.0
Portugal,Gouveio,2,88.5,22.5
Portugal,Jaen,6,90.0,33.2
Portugal,Chenin Blanc,3,90.33333333333333,19.666666666666668
Portugal,Códega do Larinho,4,87.75,18.0
Portugal,Encruzado,34,89.79411764705883,23.862068965517242
Portugal,Chardonnay-Viognier,1,86.0,20.0
Portugal,Moscatel Graúdo,2,87.5,13.0
Portugal,Gewürztraminer,2,85.0,20.0
Portugal,Gewürztraminer-Riesling,1,82.0,28.0
Portugal,Espadeiro,1,84.0,
Romania,Pinot Gris,2,87.0,14.5
Romania,White Blend,3,85.66666666666667,14.0
Romania,Sauvignon Blanc,12,86.16666666666667,10.583333333333334
Romania,Sauvignon,1,89.0,18.0
Romania,Rosé,1,82.0,9.0
Romania,Riesling,4,84.25,86.25
Romania,Red Blend,7,87.42857142857143,24.428571428571427
Romania,Pinot Noir,14,86.21428571428571,9.285714285714286
Romania,Pinot Grigio,8,86.0,7.5
Romania,Tămâioasă Românească,2,88.0,11.0
Romania,Moscato,4,86.0,7.25
Romania,Merlot,9,86.11111111111111,20.77777777777778
Romania,Gewürztraminer,1,86.0,8.0
Romania,Feteascǎ Regalǎ,4,86.75,9.75
Romania,Feteasca Neagra,5,87.6,14.6
Romania,Feteasca,1,87.0,22.0
Romania,Chardonnay,11,86.18181818181819,10.636363636363637
Romania,Muskat Ottonel,1,88.0,11.0
Romania,Cabernet Sauvignon,12,86.25,10.416666666666666
Serbia,Riesling,2,87.5,21.0
Serbia,Red Blend,2,89.0,41.0
Serbia,Tamjanika,1,88.0,18.0
Serbia,Morava,1,87.0,26.0
Serbia,Blauer Portugieser,1,87.0,16.0
Serbia,Portuguiser,1,86.0,15.0
Slovakia,Riesling,1,87.0,16.0
Slovenia,Refosco,1,86.0,18.0
Slovenia,Ribolla Gialla,7,87.85714285714286,21.714285714285715
Slovenia,Riesling,3,87.33333333333333,28.333333333333332
Slovenia,Rosé,2,87.5,23.5
Slovenia,Zelen,1,88.0,
Slovenia,Sauvignonasse,1,90.0,25.0
Slovenia,Teran,2,89.0,21.5
Slovenia,Traminer,1,85.0,20.0
Slovenia,Vitovska,1,90.0,23.0
Slovenia,White Blend,8,89.125,36.5
Slovenia,Red Blend,3,88.66666666666667,27.333333333333332
Slovenia,Sauvignon Blanc,8,87.375,18.125
Slovenia,Rebula,3,88.0,22.666666666666668
Slovenia,Sauvignon,3,87.33333333333333,24.666666666666668
Slovenia,Pinot Gris,3,88.66666666666667,29.333333333333332
Slovenia,Pinot Noir,6,88.16666666666667,20.0
Slovenia,Bordeaux-style Red Blend,4,89.25,40.25
Slovenia,Cabernet Franc,1,89.0,35.0
Slovenia,Cabernet Sauvignon,3,88.66666666666667,36.333333333333336
Slovenia,Chardonnay,4,88.75,17.666666666666668
Slovenia,Cabernet Sauvignon-Merlot,1,89.0,44.0
Slovenia,Malvasia Istriana,1,87.0,30.0
Slovenia,Merlot,1,89.0,37.0
Slovenia,Merlot-Cabernet Franc,1,90.0,60.0
Slovenia,Moscato,1,87.0,11.0
Slovenia,Pinot Grigio,6,87.66666666666667,11.8
Slovenia,Furmint,1,83.0,20.0
South Africa,Roussanne-Marsanne,1,91.0,
South Africa,Sauvignon Blanc-Semillon,2,90.5,31.0
South Africa,Sauvignon Blanc-Chenin Blanc,2,87.0,13.0
South Africa,Sauvignon Blanc,164,86.92073170731707,15.91194968553459
South Africa,Roussanne,1,93.0,
South Africa,Pinotage,114,87.32456140350877,21.6697247706422
South Africa,Riesling,6,87.66666666666667,18.0
South Africa,Rhône-style Red Blend,11,91.36363636363636,49.625
South Africa,Red Blend,88,88.79545454545455,27.16883116883117
South Africa,Pinotage-Merlot,1,84.0,10.0
South Africa,Semillon-Sauvignon Blanc,2,90.5,30.0
South Africa,Rosé,25,85.72,12.96
South Africa,Shiraz,88,87.85227272727273,28.544303797468356
South Africa,Syrah-Cabernet,1,82.0,10.0
South Africa,Shiraz-Mourvèdre,1,88.0,16.0
South Africa,Sparkling Blend,12,86.41666666666667,25.333333333333332
South Africa,White Blend,37,88.08108108108108,21.37142857142857
South Africa,Syrah,48,89.5625,35.04545454545455
South Africa,Syrah-Cabernet Sauvignon,1,91.0,75.0
South Africa,Syrah-Mourvèdre,1,88.0,13.0
South Africa,Syrah-Viognier,1,89.0,20.0
South Africa,Sémillon,6,90.0,32.333333333333336
South Africa,Tinta Barroca,1,91.0,53.0
South Africa,Viognier,16,87.5,19.866666666666667
South Africa,Viognier-Grenache Blanc,1,87.0,35.0
South Africa,Pinot Noir,27,88.92592592592592,38.1
South Africa,Shiraz-Cabernet Sauvignon,5,87.0,20.75
South Africa,Muscat,2,94.5,70.0
South Africa,Cabernet Sauvignon-Shiraz,4,90.25,18.0
South Africa,Moscato,3,83.66666666666667,7.333333333333333
South Africa,Mourvèdre,1,87.0,13.0
South Africa,Bordeaux-style Red Blend,82,90.4390243902439,50.342465753424655
South Africa,Bordeaux-style White Blend,2,90.5,55.0
South Africa,Cabernet,1,87.0,12.0
South Africa,Cabernet Blend,2,88.0,46.5
South Africa,Cabernet Franc,3,90.0,27.5
South Africa,Cabernet Sauvignon,126,88.14285714285714,23.149122807017545
South Africa,Cabernet Sauvignon-Merlot,10,86.7,18.1
South Africa,Cabernet Sauvignon-Merlot-Shiraz,1,87.0,10.0
South Africa,Champagne Blend,5,87.0,16.75
South Africa,Chardonnay,158,88.39873417721519,22.523809523809526
South Africa,Chardonnay-Viognier,1,87.0,10.0
South Africa,Cabernet Sauvignon-Cabernet Franc,1,87.0,26.0
South Africa,Chenin Blanc-Sauvignon Blanc,6,84.83333333333333,10.5
South Africa,Merlot-Shiraz,1,86.0,18.0
South Africa,Chenin Blanc,166,87.83734939759036,20.135483870967743
South Africa,Merlot-Cabernet Sauvignon,5,87.4,11.75
South Africa,Merlot-Cabernet Franc,1,84.0,
South Africa,Merlot,47,86.44680851063829,18.148936170212767
South Africa,Gewürztraminer,1,89.0,18.0
South Africa,Grenache-Syrah,2,91.0,65.0
South Africa,Fumé Blanc,1,88.0,13.0
South Africa,Clairette,1,90.0,
South Africa,Cinsault,2,90.5,58.0
South Africa,Chenin Blanc-Viognier,1,90.0,35.0
South Africa,G-S-M,2,89.0,43.5
Spain,Sauvignon Blanc-Verdejo,4,84.75,12.25
Spain,Sauvignon,5,85.6,15.2
Spain,Sauvignon Blanc,31,84.29032258064517,13.709677419354838
Spain,Sauvignon Blanc-Chardonnay,2,84.5,12.5
Spain,Sherry,84,89.78571428571429,34.04761904761905
Spain,Syrah-Grenache,6,85.5,16.333333333333332
Spain,Shiraz-Cabernet Sauvignon,2,88.0,36.0
Spain,Shiraz-Tempranillo,2,82.0,8.5
Spain,Sparkling Blend,447,86.74944071588367,19.85972850678733
Spain,Syrah,33,88.60606060606061,31.53125
Spain,Rufete,2,85.5,28.5
Spain,Shiraz,2,87.5,13.5
Spain,Rosé,137,84.67153284671532,12.437037037037037
Spain,Paralleda,1,83.0,11.0
Spain,Riesling,1,82.0,20.0
Spain,Rhône-style Red Blend,2,85.0,15.5
Spain,Red Blend,750,88.12266666666666,35.32118758434548
Spain,Prieto Picudo,14,86.07142857142857,38.285714285714285
Spain,Premsal,1,83.0,15.0
Spain,Pinot Noir,11,87.0,19.818181818181817
Spain,Picapoll,1,82.0,21.0
Spain,Petite Verdot,2,86.5,40.0
Spain,Petit Verdot,9,89.77777777777777,55.22222222222222
Spain,Pedro Ximénez,32,91.0,36.53125
Spain,Parraleta,1,86.0,14.0
Spain,Syrah-Merlot,1,89.0,20.0
Spain,Pansa Blanca,13,85.6923076923077,18.076923076923077
Spain,Palomino,15,89.06666666666666,39.53333333333333
Spain,Rosado,67,84.56716417910448,13.061538461538461
Spain,Syrah-Petit Verdot,1,90.0,35.0
Spain,Tinta del Toro,3,86.33333333333333,23.333333333333332
Spain,Tempranillo,1319,87.49355572403336,31.09761721752498
Spain,Muscat of Alexandria,1,91.0,26.0
Spain,White Blend,270,86.02962962962962,19.582706766917294
Spain,Viura-Verdejo,2,84.5,12.0
Spain,Viura-Chardonnay,13,84.6923076923077,10.76923076923077
Spain,Viura,102,85.1470588235294,15.1
Spain,Vidadillo,1,89.0,24.0
Spain,Verdosilla,1,84.0,17.0
Spain,Verdil,1,86.0,18.0
Spain,Verdejo-Viura,19,85.57894736842105,11.0
Spain,Verdejo-Sauvignon Blanc,5,85.0,9.8
Spain,Verdejo,262,86.28625954198473,16.134615384615383
Spain,Trepat,9,87.55555555555556,21.0
Spain,Treixadura,2,87.5,16.5
Spain,Syrah-Tempranillo,1,87.0,15.0
Spain,Touriga Nacional Blend,1,90.0,144.0
Spain,Tinto Velasco,1,85.0,9.0
Spain,Xarel-lo,19,85.73684210526316,16.31578947368421
Spain,Tinto Fino,92,89.95652173913044,66.20652173913044
Spain,Tinta del Pais,2,95.0,47.5
Spain,Tinta de Toro,158,89.57594936708861,46.33757961783439
Spain,Tinta Fina,10,88.1,30.3
Spain,Tempranillo-Syrah,1,82.0,12.0
Spain,Tempranillo-Shiraz,7,84.28571428571429,14.142857142857142
Spain,Tempranillo-Merlot,7,85.28571428571429,19.428571428571427
Spain,Tempranillo-Garnacha,28,84.92857142857143,11.214285714285714
Spain,Tempranillo-Cabernet Sauvignon,46,86.21739130434783,41.34782608695652
Spain,Tempranillo Blend,548,88.2992700729927,36.37200736648251
Spain,Tempranillo Blanco,9,83.66666666666667,29.11111111111111
Spain,Tinto del Pais,16,87.6875,38.1875
Spain,Muscat,8,87.125,17.625
Spain,Carignan,9,93.33333333333333,182.55555555555554
Spain,Moscatel de Alejandría,3,85.33333333333333,18.666666666666668
Spain,Garnacha-Cabernet,1,85.0,13.0
Spain,Garnacha Tintorera,8,87.125,16.75
Spain,Garnacha Blend,2,87.5,19.0
Spain,Garnacha Blanca,31,85.93548387096774,18.419354838709676
Spain,Garnacha,296,85.80743243243244,22.0135593220339
Spain,Forcallà,1,83.0,27.0
Spain,Chardonnay-Sauvignon Blanc,1,87.0,12.0
Spain,Chardonnay,69,84.7536231884058,18.666666666666668
Spain,Champagne Blend,13,83.84615384615384,10.76923076923077
Spain,Cariñena-Garnacha,2,89.5,31.0
Spain,Carineña,5,86.2,22.2
Spain,Carignan-Grenache,5,89.2,34.2
Spain,Cabernet Sauvignon-Tempranillo,11,86.0909090909091,14.545454545454545
Spain,Garnacha-Cariñena,1,93.0,57.0
Spain,Cabernet Sauvignon-Syrah,2,89.5,31.5
Spain,Cabernet Sauvignon-Merlot,8,88.625,16.875
Spain,Cabernet Sauvignon-Cabernet Franc,1,89.0,30.0
Spain,Cabernet Sauvignon,49,87.20408163265306,32.604166666666664
Spain,Cabernet Franc,1,86.0,28.0
Spain,Cabernet Blend,5,89.0,89.8
Spain,Bordeaux-style Red Blend,9,86.88888888888889,44.666666666666664
Spain,Bobal-Cabernet Sauvignon,1,84.0,9.0
Spain,Bobal,21,85.9047619047619,20.857142857142858
Spain,Babosa Negro,1,92.0,45.0
Spain,Alicante Bouschet,1,83.0,10.0
Spain,Albariño,311,87.37942122186494,20.719354838709677
Spain,Airen,3,81.66666666666667,9.0
Spain,Moscato,10,83.5,11.3
Spain,Cabernet Sauvignon-Shiraz,1,90.0,40.0
Spain,Garnacha-Monastrell,3,87.0,11.666666666666666
Spain,Doña Blanca,1,84.0,53.0
Spain,Garnacha-Tempranillo,5,86.2,11.2
Spain,Moscatel,34,87.88235294117646,31.735294117647058
Spain,Monastrell-Syrah,19,86.42105263157895,18.36842105263158
Spain,Monastrell-Petit Verdot,2,88.0,19.5
Spain,Monastrell,123,86.92682926829268,19.34426229508197
Spain,Meseguera,1,91.0,35.0
Spain,Merseguera-Sauvignon Blanc,1,85.0,9.0
Spain,Garnacha-Syrah,12,84.5,12.916666666666666
Spain,Merlot,15,84.93333333333334,17.466666666666665
Spain,Mencía,161,88.6832298136646,28.777070063694268
Spain,Mazuelo,4,87.75,78.25
Spain,Maturana,6,86.5,57.5
Spain,Mataro,1,90.0,40.0
Spain,Malvasia-Viura,3,85.0,17.666666666666668
Spain,Malvasia,5,84.0,16.4
Spain,Merlot-Cabernet Sauvignon,3,86.33333333333333,16.0
Spain,Macabeo-Moscatel,1,85.0,8.0
Spain,Macabeo-Chardonnay,4,85.0,11.75
Spain,Macabeo,22,85.22727272727273,16.181818181818183
Spain,Listán Negro,2,88.5,32.5
Spain,Jaen,1,86.0,20.0
Spain,Hondarrabi Zuri,16,86.0,20.9375
Spain,Grenache-Syrah,3,88.0,13.333333333333334
Spain,Grenache-Carignan,10,89.4,30.1
Spain,Grenache Blend,5,84.4,13.2
Spain,Grenache Blanc,5,86.6,25.8
Spain,Grenache,19,86.21052631578948,14.631578947368421
Spain,Graciano,27,88.03703703703704,57.42307692307692
Spain,Godello,76,86.88157894736842,22.333333333333332
Spain,Malvar,1,81.0,12.0
Switzerland,White Blend,1,90.0,21.0
Switzerland,Pinot Noir-Gamay,1,90.0,30.0
Switzerland,Merlot,1,83.0,38.0
Switzerland,Chasselas,1,90.0,28.0
Switzerland,Pinot Noir,2,89.0,160.0
Turkey,Narince,7,87.14285714285714,21.285714285714285
Turkey,Çalkarası,2,86.5,19.0
Turkey,Yapincak,2,85.5,18.0
Turkey,White Blend,1,86.0,15.0
Turkey,Syrah-Merlot,1,90.0,30.0
Turkey,Syrah,4,89.75,34.75
Turkey,Sauvignon Blanc,1,89.0,18.0
Turkey,Rosé,3,87.66666666666667,15.666666666666666
Turkey,Red Blend,17,87.6470588235294,26.58823529411765
Turkey,Papaskarasi,2,86.0,22.0
Turkey,Okuzgozu,8,89.5,23.875
Turkey,Misket,1,85.0,19.0
Turkey,Kinali Yapincak,1,84.0,15.0
Turkey,Kuntra,1,86.0,15.0
Turkey,Karasakiz,1,89.0,15.0
Turkey,Karalahna,1,87.0,15.0
Turkey,Kalecik Karasi,13,89.3076923076923,25.076923076923077
Turkey,Emir,3,86.66666666666667,16.333333333333332
Turkey,Chardonnay,1,89.0,17.0
Turkey,Cabernet Sauvignon-Merlot,1,87.0,16.0
Turkey,Cabernet Sauvignon,2,89.0,32.0
Turkey,Boğazkere,4,89.75,25.75
Turkey,Bordeaux-style Red Blend,3,88.0,29.333333333333332
Turkey,Merlot,1,86.0,120.0
US,Rkatsiteli,10,85.3,22.9
US,Riesling-Chardonnay,1,94.0,40.0
US,Riesling,1602,87.93820224719101,19.38307210031348
US,Ribolla Gialla,2,85.5,27.0
US,Rhône-style White Blend,202,88.65346534653466,28.084577114427862
US,Primitivo,98,87.25510204081633,28.15463917525773
US,Refosco,1,89.0,28.0
US,Red Blend,2752,87.80850290697674,33.73956043956044
US,Prosecco,1,82.0,28.0
US,Rosado,1,87.0,28.0
US,Port,56,87.89285714285714,38.607142857142854
US,Rhône-style Red Blend,633,89.3522906793049,36.87777777777778
US,Rosato,4,87.75,20.75
US,Roussanne-Viognier,11,89.0909090909091,31.545454545454547
US,Roussanne,141,88.46808510638297,27.18439716312057
US,Roussanne-Grenache Blanc,1,91.0,16.0
US,Roussanne-Marsanne,2,86.0,24.0
US,Piquepoul Blanc,1,88.0,13.0
US,Sagrantino,3,87.33333333333333,46.666666666666664
US,Sangiovese,400,87.1775,28.151515151515152
US,Sangiovese Cabernet,3,87.66666666666667,46.333333333333336
US,Sangiovese Grosso,1,87.0,45.0
US,Sangiovese-Cabernet Sauvignon,6,86.0,30.0
US,Sangiovese-Syrah,4,87.75,46.5
US,Saperavi,3,85.66666666666667,30.0
US,Sauvignon Blanc,1999,87.4272136068034,20.5
US,Sauvignon Blanc-Chenin Blanc,1,87.0,16.0
US,Sauvignon Blanc-Semillon,35,88.54285714285714,30.714285714285715
US,Rosé,815,87.11042944785277,19.980198019801982
US,Muscat d'Alexandrie,1,87.0,25.0
US,Pinot Nero,1,86.0,59.0
US,Pinot-Chardonnay,5,89.4,29.4
US,Sauvignon Gris,2,92.0,40.0
US,Muskat,1,91.0,28.0
US,Muskat Ottonel,6,85.83333333333333,20.666666666666668
US,Müller-Thurgau,11,85.0,14.0
US,Nebbiolo,54,88.12962962962963,36.57692307692308
US,Negrette,2,85.5,32.5
US,Negroamaro,1,90.0,50.0
US,Nero d'Avola,4,88.0,29.0
US,Norton,16,84.0,25.3125
US,Orange Muscat,18,88.27777777777777,20.22222222222222
US,Palomino,1,86.0,32.0
US,Petit Manseng,16,86.0,26.25
US,Petit Verdot,210,88.12380952380953,39.3125
US,Pinotage,11,87.0,28.90909090909091
US,Petite Sirah,682,88.1217008797654,31.41850220264317
US,Picpoul,7,90.14285714285714,28.857142857142858
US,Pinot Auxerrois,1,89.0,22.0
US,Pinot Blanc,175,88.05714285714286,20.557471264367816
US,Pinot Blanc-Chardonnay,1,86.0,21.0
US,Pinot Blanc-Pinot Noir,1,85.0,16.0
US,Pinot Blanc-Viognier,1,87.0,19.0
US,Pinot Grigio,335,85.8089552238806,15.002994011976048
US,Pinot Grigio-Sauvignon Blanc,1,87.0,35.0
US,Pinot Gris,793,87.97982345523329,18.595690747782
US,Pinot Gris-Gewürztraminer,1,90.0,20.0
US,Pinot Meunier,24,88.25,31.75
US,Pinot Noir,9165,89.62291325695581,44.64284932705986
US,Pinot Noir-Syrah,2,90.5,52.0
US,Petite Verdot,22,88.72727272727273,43.27272727272727
US,Sauvignon Musqué,1,87.0,18.0
US,Valdiguié,5,87.2,20.8
US,Semillon-Chardonnay,4,85.75,13.5
US,Tocai Friulano,14,87.5,20.428571428571427
US,Torrontés,4,89.75,26.0
US,Touriga,2,89.0,45.5
US,Touriga Nacional,17,86.70588235294117,29.352941176470587
US,Touriga Nacional Blend,1,93.0,16.0
US,Traminette,9,84.55555555555556,14.777777777777779
US,Trebbiano,3,86.33333333333333,21.0
US,Trousseau Gris,2,88.5,22.5
US,Ugni Blanc,3,90.66666666666667,27.0
US,Muscat Hamburg,2,88.0,22.0
US,Valvin Muscat,1,87.0,13.0
US,Verdejo,4,85.75,18.25
US,Verdelho,24,87.08333333333333,17.708333333333332
US,Vermentino,41,87.78048780487805,22.0
US,Vidal,3,85.66666666666667,18.333333333333332
US,Vidal Blanc,37,86.13513513513513,25.2972972972973
US,Vignoles,10,85.6,17.3
US,Viognier,732,87.74590163934427,24.714285714285715
US,Viognier-Chardonnay,2,86.0,37.0
US,Viognier-Gewürztraminer,1,86.0,15.0
US,Viognier-Grenache Blanc,2,91.0,30.5
US,Viognier-Marsanne,2,88.0,22.0
US,Viognier-Roussanne,7,88.0,25.714285714285715
US,Viognier-Valdiguié,1,84.0,17.0
US,White Blend,589,87.12563667232598,21.638078902229847
US,White Port,1,92.0,40.0
US,White Riesling,12,88.58333333333333,15.916666666666666
US,Zinfandel,2527,87.78986941036803,29.418088060293535
US,Zweigelt,7,88.14285714285714,27.857142857142858
US,Tinta Madeira,1,89.0,45.0
US,Scheurebe,2,90.0,50.0
US,Tinta Amarela,1,90.0,30.0
US,Tempranillo-Syrah,1,91.0,23.0
US,Semillon-Sauvignon Blanc,38,89.42105263157895,33.0
US,Seyval Blanc,15,84.2,19.733333333333334
US,Sherry,3,89.66666666666667,22.0
US,Shiraz,44,85.75,25.136363636363637
US,Siegerrebe,1,84.0,15.0
US,Silvaner,1,86.0,14.0
US,Souzao,2,86.5,30.0
US,Sparkling Blend,631,89.02060221870047,36.38827258320127
US,St. Vincent,1,85.0,24.0
US,Symphony,4,84.75,16.75
US,Syrah,3011,89.45068083693126,38.94935021659447
US,Syrah-Cabernet,7,88.14285714285714,37.857142857142854
US,Syrah-Cabernet Franc,2,90.0,69.0
US,Syrah-Cabernet Sauvignon,24,89.66666666666667,49.166666666666664
US,Syrah-Grenache,30,89.4,36.666666666666664
US,Syrah-Grenache-Viognier,1,90.0,45.0
US,Syrah-Merlot,1,88.0,59.0
US,Syrah-Mourvèdre,10,88.3,37.0
US,Syrah-Petit Verdot,1,94.0,49.0
US,Syrah-Petite Sirah,15,89.66666666666667,41.46666666666667
US,Syrah-Tempranillo,6,90.16666666666667,44.0
US,Syrah-Viognier,8,89.625,47.625
US,Sémillon,83,88.55421686746988,24.746987951807228
US,Tannat,47,88.31914893617021,37.93617021276596
US,Tannat-Syrah,1,93.0,40.0
US,Tempranillo,317,87.61514195583597,32.72063492063492
US,Tempranillo Blend,5,87.6,25.6
US,Tempranillo-Cabernet Sauvignon,2,92.0,77.5
US,Tempranillo-Garnacha,2,87.0,27.0
US,Teroldego,15,88.4,31.333333333333332
US,Muscat Canelli,34,87.61764705882354,20.735294117647058
US,Madeira Blend,1,88.0,42.0
US,Muscat Blanc,11,88.27272727272727,21.272727272727273
US,Cabernet Sauvignon-Sangiovese,6,89.16666666666667,41.4
US,Cabernet Sauvignon-Shiraz,1,83.0,9.0
US,Cabernet Sauvignon-Syrah,64,89.9375,44.71875
US,Cabernet Sauvignon-Tempranillo,1,87.0,18.0
US,Cabernet-Shiraz,1,86.0,17.0
US,Cabernet-Syrah,6,89.0,25.833333333333332
US,Carignan,6,89.66666666666667,33.0
US,Carignan-Grenache,2,88.5,27.5
US,Carignane,28,88.75,27.296296296296298
US,Carmenère,41,87.73170731707317,34.225
US,Cayuga,2,84.5,16.0
US,Chambourcin,17,83.58823529411765,18.058823529411764
US,Champagne Blend,97,88.12371134020619,33.92783505154639
US,Cabernet Sauvignon-Merlot,37,88.16216216216216,37.432432432432435
US,Chancellor,2,80.5,16.0
US,Chardonel,1,83.0,11.0
US,Chardonnay,6272,88.4266581632653,30.68150520416333
US,Chardonnay-Albariño,2,91.5,31.0
US,Muscat Blanc à Petits Grains,1,87.0,20.0
US,Chardonnay-Riesling,1,87.0,24.0
US,Chardonnay-Semillon,3,85.66666666666667,21.333333333333332
US,Chardonnay-Viognier,8,85.25,22.75
US,Chelois,2,85.0,22.5
US,Chenin Blanc,111,88.35135135135135,19.87272727272727
US,Chenin Blanc-Viognier,10,87.1,14.2
US,Cinsault,28,89.5,27.571428571428573
US,Clairette,1,89.0,30.0
US,Claret,33,88.18181818181819,50.06060606060606
US,Charbono,24,88.29166666666667,34.291666666666664
US,Cabernet Sauvignon-Malbec,2,90.0,35.5
US,Cabernet Sauvignon-Carmenère,1,87.0,85.0
US,Cabernet Sauvignon-Cabernet Franc,12,89.0,54.666666666666664
US,Abouriou,1,85.0,75.0
US,Aglianico,15,88.33333333333333,31.466666666666665
US,Albariño,117,88.61538461538461,22.836206896551722
US,Alicante Bouschet,6,88.33333333333333,27.666666666666668
US,Aligoté,8,87.0,20.25
US,Alvarelhão,1,85.0,18.0
US,Alvarinho,1,84.0,19.0
US,Apple,1,89.0,25.0
US,Arneis,13,87.92307692307692,22.076923076923077
US,Auxerrois,11,89.0,22.363636363636363
US,Baco Noir,15,86.0,26.266666666666666
US,Barbera,212,87.55660377358491,27.514150943396228
US,Barbera-Nebbiolo,1,87.0,30.0
US,Black Monukka,2,91.0,25.0
US,Black Muscat,10,88.2,22.8
US,Blanc du Bois,6,85.0,27.0
US,Blaufränkisch,13,88.38461538461539,27.615384615384617
US,Bordeaux-style Red Blend,1691,89.73802483737434,58.933491686460805
US,Bordeaux-style White Blend,39,88.58974358974359,30.205128205128204
US,Cabernet,1,89.0,19.0
US,Cabernet Blend,20,88.75,58.4
US,Cabernet Franc,923,87.94366197183099,34.852013057671385
US,Cabernet Franc-Cabernet Sauvignon,1,86.0,22.0
US,Cabernet Franc-Lemberger,2,87.0,20.0
US,Cabernet Franc-Merlot,16,88.875,45.46666666666667
US,Cabernet Merlot,8,84.5,12.875
US,Cabernet Pfeffer,2,87.5,30.0
US,Cabernet Sauvignon,6823,89.0466070643412,55.127906976744185
US,Cabernet Sauvignon-Barbera,1,84.0,45.0
US,Colombard,12,88.25,22.833333333333332
US,Cortese,2,85.0,18.0
US,Chardonnay-Pinot Blanc,1,88.0,26.0
US,Debit,1,89.0,130.0
US,Malbec-Syrah,2,87.0,78.0
US,Malbec-Tannat,1,91.0,50.0
US,Malvasia,1,85.0,28.0
US,Malvasia Bianca,13,88.6923076923077,22.0
US,Marquette,2,84.5,18.0
US,Marsanne,37,87.64864864864865,28.16216216216216
US,Marsanne-Roussanne,17,87.11764705882354,27.0
US,Marsanne-Viognier,2,86.5,27.5
US,Mataro,3,87.33333333333333,22.666666666666668
US,Counoise,11,89.0,31.0
US,Meritage,235,87.48510638297873,35.5940170940171
US,Merlot,2151,87.33937703393771,28.592990654205607
US,Merlot-Cabernet,6,88.83333333333333,24.0
US,Malbec-Merlot,4,87.25,28.0
US,Merlot-Cabernet Franc,18,88.94444444444444,39.05555555555556
US,Merlot-Malbec,1,87.0,85.0
US,Merlot-Petite Verdot,1,83.0,20.0
US,Mission,6,89.66666666666667,59.333333333333336
US,Monastrell,7,91.0,29.142857142857142
US,Mondeuse,1,87.0,30.0
US,Montepulciano,19,87.15789473684211,30.42105263157895
US,Morio Muskat,2,87.0,17.0
US,Moscato,98,86.3061224489796,13.96938775510204
US,Moscato Giallo,1,94.0,16.0
US,Mourvèdre,195,89.12820512820512,34.48969072164948
US,Mourvèdre-Syrah,2,90.5,56.5
US,Muscadine,2,85.5,22.5
US,Muscat,30,88.0,18.866666666666667
US,Merlot-Cabernet Sauvignon,14,88.57142857142857,52.714285714285715
US,Malbec-Cabernet Sauvignon,1,92.0,55.0
US,Melon,1,88.0,15.0
US,Madeleine Angevine,2,85.5,17.5
US,Diamond,1,86.0,10.0
US,Dolcetto,48,87.3125,26.8125
US,Malbec,487,88.39219712525667,35.11801242236025
US,Edelzwicker,3,88.33333333333333,20.0
US,Falanghina,2,89.0,29.0
US,Fiano,7,88.28571428571429,21.285714285714285
US,Fumé Blanc,65,87.92307692307692,23.153846153846153
US,G-S-M,138,88.76086956521739,35.71739130434783
US,Gamay,5,87.2,32.5
US,Gamay Noir,18,87.72222222222223,23.705882352941178
US,Garnacha,12,87.58333333333333,29.0
US,Garnacha Blanca,1,89.0,28.0
US,Gewürztraminer,375,87.75733333333334,19.16042780748663
US,Gewürztraminer-Riesling,3,89.0,30.0
US,Dornfelder,5,90.0,35.4
US,Greco,1,87.0,20.0
US,Lemberger,30,87.23333333333333,19.433333333333334
US,Lagrein,7,87.71428571428571,35.285714285714285
US,Kerner,1,90.0,25.0
US,Johannisberg Riesling,9,86.11111111111111,8.875
US,Jacquez,3,85.0,34.333333333333336
US,Grenache-Syrah,25,89.16,40.52
US,Grüner Veltliner,88,88.4090909090909,21.61627906976744
US,Grenache-Carignan,4,90.5,25.5
US,Grenache Noir,2,90.5,38.0
US,Grenache Blend,4,89.75,37.75
US,Grenache Blanc,113,88.85840707964601,24.83783783783784
US,Grenache,489,89.08588957055214,35.192622950819676
US,Grenache-Mourvèdre,4,87.0,30.75
US,Graciano,13,89.76923076923077,30.53846153846154
Ukraine,Riesling,1,88.0,9.0
Ukraine,Sparkling Blend,6,82.83333333333333,11.0
Ukraine,Rosé,1,84.0,6.0
Ukraine,Muscat Hamburg,1,86.0,9.0
Ukraine,Chardonnay,1,85.0,9.0
Ukraine,Cabernet Sauvignon,1,84.0,6.0
Ukraine,Bastardo,1,85.0,9.0
Ukraine,Merlot,2,84.0,7.5
Uruguay,Tannat-Syrah,1,84.0,16.0
Uruguay,Tannat-Merlot,6,86.5,17.666666666666668
Uruguay,Tannat-Cabernet Franc,2,90.0,19.0
Uruguay,Tannat,47,86.95744680851064,29.893617021276597
Uruguay,Sauvignon Blanc,1,84.0,16.0
Uruguay,Rosé,2,84.5,17.0
Uruguay,Red Blend,17,87.41176470588235,32.23529411764706
Uruguay,Merlot,1,84.0,16.0
Uruguay,Malbec,1,87.0,17.0
Uruguay,Chardonnay,3,81.0,14.0
Uruguay,Cabernet Sauvignon,2,87.0,18.5
Uruguay,Cabernet Franc,2,85.0,20.0
Uruguay,Albariño,6,87.33333333333333,22.333333333333332
Uruguay,Tempranillo-Tannat,1,88.0,20.0
Uruguay,Pinot Noir,5,85.4,19.2
Uruguay,White Blend,1,87.0,15.0
